root	infinitive	preverb	elsewhere_vi	before_d_vi	causative	d_surface	formal_present_source	formal_past_source	source
آرا	آراستن		آرا	آراس		ت	آرا	آراست	shekar
آزار	آزردن		آزار	آزر		د	آزار	آزرد	shekar
آزما	آزمودن		آزما	آزمو		د	آزما	آزمود	shekar
آسا	آسودن		آسا	آسو		د	آسا	آسود	shekar
آشام	آشامیدن		آشام	آشامی		د	آشام	آشامید	shekar
آشوب	آشفتن		آشوب	آشف		ت	آشوب	آشفت	shekar
آمیز	آغشتن		آمیز	آغش		ت	آمیز	آغشت	shekar
آفرین	آفریدن		آفرین	آفری		د	آفرین	آفرید	shekar
آلا	آلودن		آلا	آلو		د	آلا	آلود	shekar
آی	آمدن		آ	آم		د	آ	آمد	shekar
آموز	آموختن		آموز	آموخ		ت	آموز	آموخت	shekar
آمیز	آمیختن		آمیز	آمیخ		ت	آمیز	آمیخت	shekar
آر	آوردن		آر	آور		د	آر	آورد	shekar
آویز	آویختن		آویز	آویخ		ت	آویز	آویخت	shekar
افت	افتادن		افت	افتا		د	افت	افتاد	shekar
افرا	افراختن		افرا	افراخ		ت	افرا	افراخت	shekar
افرا	افراشتن		افرا	افراش		ت	افرا	افراشت	shekar
افروز	افروختن		افروز	افروخ		ت	افروز	افروخت	shekar
افزا	افزودن		افزا	افزو		د	افزا	افزود	shekar
افشا	افشاندن		افشا	افشان		د	افشا	افشاند	shekar
افشان	افشاندن		افشان	افشان		د	افشان	افشاند	shekar
افکن	افکندن		افکن	افکن		د	افکن	افکند	shekar
انبار	انباشتن		انبار	انباش		ت	انبار	انباشت	shekar
انداز	انداختن		انداز	انداخ		ت	انداز	انداخت	shekar
اندوز	اندوختن		اندوز	اندوخ		ت	اندوز	اندوخت	shekar
اندیش	اندیشیدن		اندیش	اندیشی		د	اندیش	اندیشید	shekar
انگار	انگاشتن		انگار	انگاش		ت	انگار	انگاشت	shekar
انگیز	انگیختن		انگیز	انگیخ		ت	انگیز	انگیخت	shekar
ایست	ایستادن		ایست	ایستا		د	ایست	ایستاد	shekar
باز	باختن		باز	باخ		ت	باز	باخت	shekar
بار	باریدن		بار	باری		د	بار	بارید	shekar
آفرین	بازآفریدن	باز	آفرین	آفری		د	بازآفرین	بازآفرید	shekar
آی	بازآمدن	باز	آ	آم		د	بازآ	بازآمد	shekar
آور	بازآوردن	باز	آور	آور		د	بازآور	بازآورد	shekar
دار	بازداشتن	باز	دار	داش		ت	بازدار	بازداشت	shekar
فرست	بازفرستادن	باز	فرست	فرستا		د	بازفرست	بازفرستاد	shekar
مان	بازماندن	باز	مان	مان		د	بازمان	بازماند	shekar
گرد	بازگرداندن	باز	گرد	گرد	ان	د	بازگردان	بازگرداند	shekar
گیر	بازگرفتن	باز	گیر	گرف		ت	بازگیر	بازگرفت	shekar
گرد	بازگشتن	باز	گرد	گش		ت	بازگرد	بازگشت	shekar
گشا	بازگشودن	باز	گشا	گشو		د	بازگشا	بازگشود	shekar
یاب	بازیافتن	باز	یاب	یاف		ت	بازیاب	بازیافت	shekar
باف	بافتن		باف	باف		ت	باف	بافت	shekar
بال	بالیدن		بال	بالی		د	بال	بالید	shekar
بخشا	بخشودن		بخشا	بخشو		د	بخشا	بخشود	shekar
بخش	بخشیدن		بخش	بخشی		د	بخش	بخشید	shekar
آشوب	برآشفتن	بر	آشوب	آشف		ت	برآشوب	برآشفت	shekar
آی	برآمدن	بر	آ	آم		د	برآ	برآمد	shekar
آر	برآوردن	بر	آر	آور		د	برآر	برآورد	shekar
افت	برافتادن	بر	افت	افتا		د	برافت	برافتاد	shekar
انگیز	برانگیختن	بر	انگیز	انگیخ		ت	برانگیز	برانگیخت	shekar
خیز	برخاستن	بر	خیز	خاس		ت	برخیز	برخاست	shekar
دار	برداشتن	بر	دار	داش		ت	بردار	برداشت	shekar
بر	بردن		بر	بر		د	بر	برد	shekar
چین	برچیدن	بر	چین	چی		د	برچین	برچید	shekar
گرد	برگرداندن	بر	گرد	گرد	ان	د	برگردان	برگرداند	shekar
گیر	برگرفتن	بر	گیر	گرف		ت	برگیر	برگرفت	shekar
گزین	برگزیدن	بر	گزین	گزی		د	برگزین	برگزید	shekar
گرد	برگشتن	بر	گرد	گش		ت	برگرد	برگشت	shekar
بر	بریدن		بر	بری		د	بر	برید	shekar
بند	بستن		بند	بس		ت	بند	بست	shekar
بلع	بلعیدن		بلع	بلعی		د	بلع	بلعید	shekar
بر	به‌دربردن	به‌در	بر	بر		د	به‌دربر	به‌دربرد	shekar
باش	بودن		باش	بو		د	باش	بود	shekar
بوس	بوسیدن		بوس	بوسی		د	بوس	بوسید	shekar
بو	بوییدن		بو	بویی		د	بو	بویید	shekar
بوی	بوییدن		بوی	بویی		د	بوی	بویید	shekar
تاب	تاباندن		تاب	تاب	ان	د	تابان	تاباند	shekar
تاب	تابیدن		تاب	تابی		د	تاب	تابید	shekar
تاز	تاختن		تاز	تاخ		ت	تاز	تاخت	shekar
تاز	تازاندن		تاز	تاز	ان	د	تازان	تازاند	shekar
تاب	تافتن		تاب	تاف		ت	تاب	تافت	shekar
تراش	تراشیدن		تراش	تراشی		د	تراش	تراشید	shekar
ترس	ترساندن		ترس	ترس	ان	د	ترسان	ترساند	shekar
ترس	ترسیدن		ترس	ترسی		د	ترس	ترسید	shekar
ترش	ترشیدن		ترش	ترشی		د	ترش	ترشید	shekar
ترک	ترکاندن		ترک	ترک	ان	د	ترکان	ترکاند	shekar
ترک	ترکیدن		ترک	ترکی		د	ترک	ترکید	shekar
تن	تنیدن		تن	تنی		د	تن	تنید	shekar
توان	توانستن		توان	توانس		ت	توان	توانست	shekar
توپ	توپیدن		توپ	توپی		د	توپ	توپید	shekar
تپ	تپاندن		تپ	تپ	ان	د	تپان	تپاند	shekar
تپ	تپیدن		تپ	تپی		د	تپ	تپید	shekar
تک	تکیدن		تک	تکی		د	تک	تکید	shekar
تیغ	تیغیدن		تیغ	تیغی		د	تیغ	تیغید	shekar
جه	جستن		جه	جس		ت	جه	جست	shekar
جو	جستن		جو	جس		ت	جو	جست	shekar
جنب	جنباندن		جنب	جنب	ان	د	جنبان	جنباند	shekar
جنب	جنبیدن		جنب	جنبی		د	جنب	جنبید	shekar
جنگ	جنگیدن		جنگ	جنگی		د	جنگ	جنگید	shekar
جه	جهیدن		جه	جهی		د	جه	جهید	shekar
جوش	جوشاندن		جوش	جوش	ان	د	جوشان	جوشاند	shekar
جوش	جوشیدن		جوش	جوشی		د	جوش	جوشید	shekar
جوی	جوییدن		جوی	جویی		د	جوی	جویید	shekar
خار	خاراندن		خار	خار	ان	د	خاران	خاراند	shekar
خار	خاریدن		خار	خاری		د	خار	خارید	shekar
خراش	خراشاندن		خراش	خراش	ان	د	خراشان	خراشاند	shekar
خراش	خراشیدن		خراش	خراشی		د	خراش	خراشید	shekar
خروش	خروشاندن		خروش	خروشان		د	خروش	خروشاند	shekar
خروش	خروشاندن		خروش	خروش	ان	د	خروشان	خروشاند	shekar
خروش	خروشیدن		خروش	خروشی		د	خروش	خروشید	shekar
خر	خریدن		خر	خری		د	خر	خرید	shekar
خز	خزیدن		خز	خزی		د	خز	خزید	shekar
خسپ	خسپیدن		خسپ	خسپی		د	خسپ	خسپید	shekar
خشک	خشکاندن		خشک	خشک	ان	د	خشکان	خشکاند	shekar
خشک	خشکیدن		خشک	خشکی		د	خشک	خشکید	shekar
خند	خنداندن		خند	خند	ان	د	خندان	خنداند	shekar
خند	خندیدن		خند	خندی		د	خند	خندید	shekar
خواب	خواباندن		خواب	خواب	ان	د	خوابان	خواباند	shekar
خواب	خوابیدن		خواب	خوابی		د	خواب	خوابید	shekar
خواه	خواستن		خواه	خواس		ت	خواه	خواست	shekar
خوان	خواندن		خوان	خوان		د	خوان	خواند	shekar
خور	خوراندن		خور	خور	ان	د	خوران	خوراند	shekar
خور	خوردن		خور	خور		د	خور	خورد	shekar
خیس	خیساندن		خیس	خیس	ان	د	خیسان	خیساند	shekar
خیس	خیسیدن		خیس	خیسی		د	خیس	خیسید	shekar
ده	دادن		ده	دا		د	ده	داد	shekar
دار	داشتن		دار	داش		ت	دار	داشت	shekar
دان	دانستن		دان	دانس		ت	دان	دانست	shekar
آی	درآمدن	در	آ	آم		د	درآ	درآمد	shekar
آمیز	درآمیختن	در	آمیز	آمیخ		ت	درآمیز	درآمیخت	shekar
آور	درآوردن	در	آور	آور		د	درآور	درآورد	shekar
افت	درافتادن	در	افت	افتا		د	درافت	درافتاد	shekar
بر	دربردن	در	بر	بر		د	دربر	دربرد	shekar
گیر	دربرگرفتن	دربر	گیر	گرف		ت	دربرگیر	دربرگرفت	shekar
درخش	درخشاندن		درخش	درخش	ان	د	درخشان	درخشاند	shekar
درخش	درخشیدن		درخش	درخشی		د	درخش	درخشید	shekar
رو	دررفتن	در	رو	رف		ت	دررو	دررفت	shekar
مان	درماندن	در	مان	مان		د	درمان	درماند	shekar
نورد	درنوردیدن	در	نورد	نوردی		د	درنورد	درنوردید	shekar
درنگ	درنگیدن		درنگ	درنگی		د	درنگ	درنگید	shekar
گذر	درگذشتن	در	گذر	گذش		ت	درگذر	درگذشت	shekar
گیر	درگرفتن	در	گیر	گرف		ت	درگیر	درگرفت	shekar
یاب	دریافتن	در	یاب	یاف		ت	دریاب	دریافت	shekar
در	دریدن		در	دری		د	در	درید	shekar
دزد	دزدیدن		دزد	دزدی		د	دزد	دزدید	shekar
دم	دمیدن		دم	دمی		د	دم	دمید	shekar
دو	دواندن		دو	دو	ان	د	دوان	دواند	shekar
دوان	دوانیدن		دوان	دوانی		د	دوان	دوانید	shekar
دوز	دوختن		دوز	دوخ		ت	دوز	دوخت	shekar
دوز	دوزاندن		دوز	دوز	ان	د	دوزان	دوزاند	shekar
دو	دویدن		دو	دوی		د	دو	دوید	shekar
بین	دیدن		بین	دی		د	بین	دید	shekar
ران	راندن		ران	ران		د	ران	راند	shekar
رهان	راهندن		رهان	راهن		د	رهان	راهند	shekar
ربا	ربودن		ربا	ربو		د	ربا	ربود	shekar
رخشان	رخشاندن		رخشان	رخشان		د	رخشان	رخشاند	shekar
رس	رساندن		رس	رس	ان	د	رسان	رساند	shekar
رس	رسیدن		رس	رسی		د	رس	رسید	shekar
رو	رفتن		رو	رف		ت	رو	رفت	shekar
رقص	رقصاندن		رقص	رقص	ان	د	رقصان	رقصاند	shekar
رقص	رقصیدن		رقص	رقصی		د	رقص	رقصید	shekar
رم	رماندن		رم	رم	ان	د	رمان	رماند	shekar
رم	رمیدن		رم	رمی		د	رم	رمید	shekar
رنج	رنجاندن		رنج	رنج	ان	د	رنجان	رنجاند	shekar
رنج	رنجیدن		رنج	رنجی		د	رنج	رنجید	shekar
رهان	رهانیدن		رهان	رهانی		د	رهان	رهانید	shekar
ره	رهیدن		ره	رهی		د	ره	رهید	shekar
روب	روفتن		روب	روف		ت	روب	روفت	shekar
روی	رویاندن		روی	روی	ان	د	رویان	رویاند	shekar
روی	روییدن		روی	رویی		د	روی	رویید	shekar
ریز	ریختن		ریز	ریخ		ت	ریز	ریخت	shekar
رین	ریدن		رین	ری		د	رین	رید	shekar
زا	زادن		زا	زا		د	زا	زاد	shekar
زای	زاییدن		زای	زایی		د	زای	زایید	shekar
زن	زدن		زن	ز		د	زن	زد	shekar
زدا	زدودن		زدا	زدو		د	زدا	زدود	shekar
زی	زیستن		زی	زیس		ت	زی	زیست	shekar
ساب	ساباندن		ساب	ساب	ان	د	سابان	ساباند	shekar
ساب	سابیدن		ساب	سابی		د	ساب	سابید	shekar
ساز	ساختن		ساز	ساخ		ت	ساز	ساخت	shekar
سا	ساییدن		سا	سایی		د	سا	سایید	shekar
ستان	ستاندن		ستان	ستان		د	ستان	ستاند	shekar
ستای	ستودن		ستای	ستو		د	ستای	ستود	shekar
ستیز	ستیزیدن		ستیز	ستیزی		د	ستیز	ستیزید	shekar
سران	سراندن		سران	سران		د	سران	سراند	shekar
سرا	سراییدن		سرا	سرایی		د	سرا	سرایید	shekar
سرا	سرودن		سرا	سرو		د	سرا	سرود	shekar
سنج	سنجیدن		سنج	سنجی		د	سنج	سنجید	shekar
سوز	سوختن		سوز	سوخ		ت	سوز	سوخت	shekar
سوز	سوزاندن		سوز	سوز	ان	د	سوزان	سوزاند	shekar
سپار	سپردن		سپار	سپر		د	سپار	سپرد	shekar
سپر	سپردن		سپر	سپر		د	سپر	سپرد	shekar
شاش	شاشیدن		شاش	شاشی		د	شاش	شاشید	shekar
شتاب	شتافتن		شتاب	شتاف		ت	شتاب	شتافت	shekar
شو	شدن		شو	ش		د	شو	شد	shekar
شور	شستن		شور	شس		ت	شور	شست	shekar
شمار	شمردن		شمار	شمر		د	شمار	شمرد	shekar
شمر	شمردن		شمر	شمر		د	شمر	شمرد	shekar
شناس	شناختن		شناس	شناخ		ت	شناس	شناخت	shekar
شناس	شناساندن		شناس	شناس	ان	د	شناسان	شناساند	shekar
شنو	شنیدن		شنو	شنی		د	شنو	شنید	shekar
شور	شوراندن		شور	شوران		د	شور	شوراند	shekar
شور	شوراندن		شور	شور	ان	د	شوران	شوراند	shekar
شور	شوریدن		شور	شوری		د	شور	شورید	shekar
شکاف	شکافتن		شکاف	شکاف		ت	شکاف	شکافت	shekar
شکن	شکستن		شکن	شکس		ت	شکن	شکست	shekar
شکوف	شکفتن		شکوف	شکف		ت	شکوف	شکفت	shekar
طلب	طلبیدن		طلب	طلبی		د	طلب	طلبید	shekar
طپ	طپیدن		طپ	طپی		د	طپ	طپید	shekar
غرقان	غرقاندن		غرقان	غرقان		د	غرقان	غرقاند	shekar
غر	غریدن		غر	غری		د	غر	غرید	shekar
غلت	غلتاندن		غلت	غلت	ان	د	غلتان	غلتاند	shekar
غلت	غلتیدن		غلت	غلتی		د	غلت	غلتید	shekar
غلط	غلطاندن		غلط	غلط	ان	د	غلطان	غلطاند	shekar
غلط	غلطیدن		غلط	غلطی		د	غلط	غلطید	shekar
خوان	فراخواندن	فرا	خوان	خوان		د	فراخوان	فراخواند	shekar
رس	فرارسیدن	فرا	رس	رسی		د	فرارس	فرارسید	shekar
گیر	فراگرفتن	فرا	گیر	گرف		ت	فراگیر	فراگرفت	shekar
فرست	فرستادن		فرست	فرستا		د	فرست	فرستاد	shekar
فرسا	فرسودن		فرسا	فرسو		د	فرسا	فرسود	shekar
فرسای	فرسودن		فرسای	فرسو		د	فرسای	فرسود	shekar
فرما	فرمودن		فرما	فرمو		د	فرما	فرمود	shekar
بر	فروبردن	فرو	بر	بر		د	فروبر	فروبرد	shekar
فروش	فروختن		فروش	فروخ		ت	فروش	فروخت	shekar
خور	فروخوردن	فرو	خور	خور		د	فروخور	فروخورد	shekar
ده	فرودادن	فرو	ده	دا		د	فروده	فروداد	shekar
رو	فرورفتن	فرو	رو	رف		ت	فرورو	فرورفت	shekar
فروز	فروزاندن		فروز	فروزان		د	فروز	فروزاند	shekar
فروز	فروزاندن		فروز	فروز	ان	د	فروزان	فروزاند	shekar
مان	فروماندن	فرو	مان	مان		د	فرومان	فروماند	shekar
پاش	فروپاشاندن	فرو	پاش	پاش	ان	د	فروپاشان	فروپاشاند	shekar
پاش	فروپاشیدن	فرو	پاش	پاشی		د	فروپاش	فروپاشید	shekar
کن	فروکردن	فرو	کن	کر		د	فروکن	فروکرد	shekar
گذار	فروگذاشتن	فرو	گذار	گذاش		ت	فروگذار	فروگذاشت	shekar
فریب	فریفتن		فریب	فریف		ت	فریب	فریفت	shekar
فشار	فشردن		فشار	فشر		د	فشار	فشرد	shekar
فهم	فهماندن		فهم	فهم	ان	د	فهمان	فهماند	shekar
فهم	فهمیدن		فهم	فهمی		د	فهم	فهمید	shekar
قاپ	قاپیدن		قاپ	قاپی		د	قاپ	قاپید	shekar
قبولان	قبولاندن		قبولان	قبولان		د	قبولان	قبولاند	shekar
لرز	لرزاندن		لرز	لرز	ان	د	لرزان	لرزاند	shekar
لرز	لرزیدن		لرز	لرزی		د	لرز	لرزید	shekar
لغز	لغزاندن		لغز	لغز	ان	د	لغزان	لغزاند	shekar
لغز	لغزیدن		لغز	لغزی		د	لغز	لغزید	shekar
لمبان	لمباندن		لمبان	لمبان		د	لمبان	لمباند	shekar
لنگ	لنگیدن		لنگ	لنگی		د	لنگ	لنگید	shekar
لیس	لیسیدن		لیس	لیسی		د	لیس	لیسید	shekar
ماس	ماسیدن		ماس	ماسی		د	ماس	ماسید	shekar
مال	مالاندن		مال	مال	ان	د	مالان	مالاند	shekar
مال	مالیدن		مال	مالی		د	مال	مالید	shekar
مان	ماندن		مان	مان		د	مان	ماند	shekar
مک	مکیدن		مک	مکی		د	مک	مکید	shekar
نال	نالیدن		نال	نالی		د	نال	نالید	shekar
نشین	نشاندن		نش	نش	ان	د	نشان	نشاند	shekar
نشین	نشستن		نشین	نشس		ت	نشین	نشست	shekar
نما	نمایاندن		نما	نمایان		د	نما	نمایاند	shekar
نما	نمودن		نما	نمو		د	نما	نمود	shekar
نه	نهادن		نه	نها		د	نه	نهاد	shekar
نواز	نواختن		نواز	نواخ		ت	نواز	نواخت	shekar
نوش	نوشاندن		نوش	نوش	ان	د	نوشان	نوشاند	shekar
نویس	نوشتن		نویس	نوش		ت	نویس	نوشت	shekar
نوش	نوشیدن		نوش	نوشی		د	نوش	نوشید	shekar
نگار	نگاشتن		نگار	نگاش		ت	نگار	نگاشت	shekar
نگر	نگریستن		نگر	نگریس		ت	نگر	نگریست	shekar
هراس	هراساندن		هراس	هراس	ان	د	هراسان	هراساند	shekar
هراس	هراسیدن		هراس	هراسی		د	هراس	هراسید	shekar
خواه	واخواستن	وا	خواه	خواس		ت	واخواه	واخواست	shekar
خور	واخوردن	وا	خور	خور		د	واخور	واخورد	shekar
ده	وادادن	وا	ده	دا		د	واده	واداد	shekar
دار	واداشتن	وا	دار	داش		ت	وادار	واداشت	shekar
رو	وارفتن	وا	رو	رف		ت	وارو	وارفت	shekar
گذار	واگذاشتن	وا	گذار	گذاش		ت	واگذار	واگذاشت	shekar
آی	ورآمدن	ور	آ	آم		د	ورآ	ورآمد	shekar
افت	ورافتادن	ور	افت	افتا		د	ورافت	ورافتاد	shekar
رو	وررفتن	ور	رو	رف		ت	وررو	وررفت	shekar
ورز	ورزیدن		ورز	ورزی		د	ورز	ورزید	shekar
وز	وزاندن		وز	وز	ان	د	وزان	وزاند	shekar
وز	وزیدن		وز	وزی		د	وز	وزید	shekar
پاش	پاشاندن		پاش	پاش	ان	د	پاشان	پاشاند	shekar
پاش	پاشیدن		پاش	پاشی		د	پاش	پاشید	shekar
پا	پاییدن		پا	پایی		د	پا	پایید	shekar
پز	پختن		پز	پخ		ت	پز	پخت	shekar
پذیر	پذیرفتن		پذیر	پذیرف		ت	پذیر	پذیرفت	shekar
پر	پراندن		پر	پر	ان	د	پران	پراند	shekar
پراکن	پراکندن		پراکن	پراکن		د	پراکن	پراکند	shekar
پرداز	پرداختن		پرداز	پرداخ		ت	پرداز	پرداخت	shekar
پرست	پرستیدن		پرست	پرستی		د	پرست	پرستید	shekar
پرس	پرسیدن		پرس	پرسی		د	پرس	پرسید	shekar
پرهیز	پرهیزیدن		پرهیز	پرهیزی		د	پرهیز	پرهیزید	shekar
پرور	پروراندن		پرور	پرور	ان	د	پروران	پروراند	shekar
پرور	پروردن		پرور	پرور		د	پرور	پرورد	shekar
پرور	پروریدن		پرور	پروری		د	پرور	پرورید	shekar
پر	پریدن		پر	پری		د	پر	پرید	shekar
افت	پس‌افتادن	پس‌	افت	افتا		د	پس‌افت	پس‌افتاد	shekar
انداز	پس‌انداختن	پس‌	انداز	انداخ		ت	پس‌انداز	پس‌انداخت	shekar
ده	پس‌دادن	پس‌	ده	دا		د	پس‌ده	پس‌داد	shekar
گیر	پس‌گرفتن	پس‌	گیر	گرف		ت	پس‌گیر	پس‌گرفت	shekar
پندار	پنداشتن		پندار	پنداش		ت	پندار	پنداشت	shekar
پوس	پوساندن		پوس	پوس	ان	د	پوسان	پوساند	shekar
پوس	پوسیدن		پوس	پوسی		د	پوس	پوسید	shekar
پوش	پوشاندن		پوش	پوش	ان	د	پوشان	پوشاند	shekar
پوش	پوشیدن		پوش	پوشی		د	پوش	پوشید	shekar
پوی	پوییدن		پوی	پویی		د	پوی	پویید	shekar
پژمر	پژمردن		پژمر	پژمر		د	پژمر	پژمرد	shekar
پژوه	پژوهیدن		پژوه	پژوهی		د	پژوه	پژوهید	shekar
افت	پیش‌افتادن	پیش‌	افت	افتا		د	پیش‌افت	پیش‌افتاد	shekar
انداز	پیش‌انداختن	پیش‌	انداز	انداخ		ت	پیش‌انداز	پیش‌انداخت	shekar
گیر	پیش‌گرفتن	پیش‌	گیر	گرف		ت	پیش‌گیر	پیش‌گرفت	shekar
پیما	پیمودن		پیما	پیمو		د	پیما	پیمود	shekar
پیوند	پیوستن		پیوند	پیوس		ت	پیوند	پیوست	shekar
پیچ	پیچاندن		پیچ	پیچ	ان	د	پیچان	پیچاند	shekar
پیچ	پیچیدن		پیچ	پیچی		د	پیچ	پیچید	shekar
چر	چراندن		چر	چر	ان	د	چران	چراند	shekar
چرخ	چرخاندن		چرخ	چرخ	ان	د	چرخان	چرخاند	shekar
چرخ	چرخیدن		چرخ	چرخی		د	چرخ	چرخید	shekar
چر	چریدن		چر	چری		د	چر	چرید	shekar
چسب	چسباندن		چسب	چسب	ان	د	چسبان	چسباند	shekar
چسب	چسبیدن		چسب	چسبی		د	چسب	چسبید	shekar
چس	چسیدن		چس	چسی		د	چس	چسید	shekar
چش	چشاندن		چش	چش	ان	د	چشان	چشاند	shekar
چش	چشیدن		چش	چشی		د	چش	چشید	shekar
چلان	چلاندن		چلان	چلان		د	چلان	چلاند	shekar
چپان	چپاندن		چپان	چپان		د	چپان	چپاند	shekar
چک	چکاندن		چک	چک	ان	د	چکان	چکاند	shekar
چک	چکیدن		چک	چکی		د	چک	چکید	shekar
چین	چیدن		چین	چی		د	چین	چید	shekar
کاه	کاستن		کاه	کاس		ت	کاه	کاست	shekar
کار	کاشتن		کار	کاش		ت	کار	کاشت	shekar
کاو	کاویدن		کاو	کاوی		د	کاو	کاوید	shekar
کن	کردن		کن	کر		د	کن	کرد	shekar
کش	کشاندن		کش	کش	ان	د	کشان	کشاند	shekar
کش	کشتن		کش	کش		ت	کش	کشت	shekar
کش	کشیدن		کش	کشی		د	کش	کشید	shekar
کوب	کوباندن		کوب	کوب	ان	د	کوبان	کوباند	shekar
کوب	کوبیدن		کوب	کوبی		د	کوب	کوبید	shekar
کوش	کوشیدن		کوش	کوشی		د	کوش	کوشید	shekar
گا	گاییدن		گا	گایی		د	گا	گایید	shekar
گداز	گداختن		گداز	گداخ		ت	گداز	گداخت	shekar
گذار	گذاشتن		گذار	گذاش		ت	گذار	گذاشت	shekar
گذر	گذراندن		گذر	گذر	ان	د	گذران	گذراند	shekar
گذر	گذشتن		گذر	گذش		ت	گذر	گذشت	shekar
گرا	گراییدن		گرا	گرایی		د	گرا	گرایید	shekar
گرد	گرداندن		گرد	گرد	ان	د	گردان	گرداند	shekar
گیر	گرفتن		گیر	گرف		ت	گیر	گرفت	shekar
گرو	گرویدن		گرو	گروی		د	گرو	گروید	shekar
گری	گریاندن		گری	گری	ان	د	گریان	گریاند	shekar
گریز	گریختن		گریز	گریخ		ت	گریز	گریخت	shekar
گری	گریستن		گری	گریس		ت	گری	گریست	shekar
گزار	گزاردن		گزار	گزار		د	گزار	گزارد	shekar
گز	گزیدن		گز	گزی		د	گز	گزید	shekar
گزین	گزیدن		گزین	گزی		د	گزین	گزید	shekar
گسل	گسستن		گسل	گسس		ت	گسل	گسست	shekar
گسل	گسیختن		گسل	گسیخ		ت	گسل	گسیخت	shekar
گرد	گشتن		گرد	گش		ت	گرد	گشت	shekar
گشا	گشودن		گشا	گشو		د	گشا	گشود	shekar
گو	گفتن		گو	گف		ت	گو	گفت	shekar
گوی	گفتن		گوی	گف		ت	گوی	گفت	shekar
گنجا	گنجاندن		گنجا	گنجان		د	گنجا	گنجاند	shekar
گنج	گنجیدن		گنج	گنجی		د	گنج	گنجید	shekar
یاب	یافتن		یاب	یاف		ت	یاب	یافت	shekar
